id,first_name,last_name,email,gender,ip_address
1,Tabor,Preon,tpreon0@mediafire.com,Male,95.71.82.26
2,Jack,Phebey,jphebey1@technorati.com,Male,55.235.70.155
3,Max,Petracek,mpetracek2@cmu.edu,Male,25.56.112.162
4,Arin,Fairbanks,afairbanks3@time.com,Male,211.226.242.106
5,Sherrie,Pauley,spauley4@mac.com,Female,73.229.35.181
6,Gran,Claringbold,gclaringbold5@soundcloud.com,Polygender,156.95.17.220
7,Aguste,Boyall,aboyall6@google.fr,Male,67.28.67.122
8,Sergio,Abbet,sabbet7@blinklist.com,Male,61.146.50.20
9,Harry,Tolcher,htolcher8@over-blog.com,Male,157.40.127.143
10,Ardelia,Birchenough,abirchenough9@indiegogo.com,Female,111.23.177.219
11,Izaak,Gatenby,igatenbya@reverbnation.com,Male,237.204.76.209
12,Nydia,Sprague,nspragueb@smugmug.com,Female,58.133.234.105
13,Sheff,Goulthorp,sgoulthorpc@pcworld.com,Male,120.129.66.225
14,Farr,MacDiarmid,fmacdiarmidd@nbcnews.com,Male,73.208.156.202
15,Dareen,Ferronier,dferroniere@1und1.de,Agender,228.112.135.166
16,Damita,Morrissey,dmorrisseyf@qq.com,Female,113.94.30.56
17,Ashby,Snozzwell,asnozzwellg@usgs.gov,Male,231.122.200.166
18,Averil,Shellard,ashellardh@linkedin.com,Female,98.101.50.27
19,Mariel,Townsend,mtownsendi@squidoo.com,Female,29.42.25.215
20,Avivah,Gregoletti,agregolettij@who.int,Female,29.147.105.251
21,Maybelle,Savill,msavillk@pbs.org,Female,24.133.247.66
22,Junia,Ausiello,jausiellol@1688.com,Female,120.179.122.215
23,Justis,Arndt,jarndtm@arizona.edu,Male,74.31.252.171
24,Galvin,Merkle,gmerklen@hp.com,Male,206.242.11.214
25,Marilee,Riden,mrideno@weebly.com,Bigender,83.127.147.59
26,Allyson,Faust,afaustp@dedecms.com,Female,245.15.66.74
27,Malva,Gallehawk,mgallehawkq@icio.us,Female,18.203.253.66
28,Ric,Szanto,rszantor@biglobe.ne.jp,Male,6.48.6.138
29,Eward,Voice,evoices@uiuc.edu,Male,211.0.223.70
30,Andree,Lombard,alombardt@bigcartel.com,Non-binary,136.188.237.239
31,Dan,Buttwell,dbuttwellu@ft.com,Male,97.182.191.206
32,Zachariah,Ballinger,zballingerv@fastcompany.com,Male,87.193.77.133
33,Burnaby,Dunlop,bdunlopw@skype.com,Agender,208.158.163.80
34,Shaylah,Coche,scochex@cisco.com,Female,88.91.140.135
35,Kalil,Phetteplace,kphetteplacey@a8.net,Male,217.241.219.208
36,Jarib,Carnson,jcarnsonz@imgur.com,Male,150.245.138.143
37,Kathrine,Jorge,kjorge10@hhs.gov,Female,222.186.245.8
38,Adamo,Royle,aroyle11@ow.ly,Male,232.246.145.142
39,Murdoch,Hun,mhun12@indiegogo.com,Male,46.14.108.78
40,Felicio,Fountaine,ffountaine13@1688.com,Male,3.105.37.5
41,Mozes,Morsom,mmorsom14@ning.com,Male,223.34.252.181
42,Petronella,Hallt,phallt15@upenn.edu,Female,238.26.101.109
43,Jimmy,Splevins,jsplevins16@virginia.edu,Male,107.0.77.33
44,Tobi,Hatherley,thatherley17@webmd.com,Female,18.45.241.247
45,Domeniga,Wedgbrow,dwedgbrow18@time.com,Female,97.143.56.153
46,Franciska,Epelett,fepelett19@exblog.jp,Female,7.146.76.202
47,Mariska,Glenister,mglenister1a@purevolume.com,Female,111.209.137.63
48,Payton,Ilyasov,pilyasov1b@epa.gov,Male,88.52.88.134
49,Chrysa,Frontczak,cfrontczak1c@yahoo.com,Female,229.229.84.238
50,Alameda,Stredwick,astredwick1d@linkedin.com,Female,13.226.13.108
51,Dun,McCuthais,dmccuthais1e@admin.ch,Male,251.176.136.217
52,Sena,Heales,sheales1f@geocities.jp,Bigender,134.34.10.93
53,Adolf,Becker,abecker1g@eventbrite.com,Male,1.91.209.152
54,Caressa,Maskill,cmaskill1h@multiply.com,Female,15.174.174.25
55,Janeczka,Thamelt,jthamelt1i@blogs.com,Female,226.98.168.144
56,Clareta,Enevoldsen,cenevoldsen1j@sogou.com,Female,220.20.40.198
57,Ariela,Stoyle,astoyle1k@msu.edu,Non-binary,227.222.82.241
58,Shurlocke,Stainland,sstainland1l@vkontakte.ru,Male,91.26.164.77
59,Carine,Scolding,cscolding1m@auda.org.au,Female,199.1.161.196
60,Aviva,Craddy,acraddy1n@businessweek.com,Non-binary,175.157.26.104
61,Kelcey,Hamlen,khamlen1o@unc.edu,Female,197.8.154.148
62,Goddard,Rowell,growell1p@ask.com,Male,169.244.189.53
63,Lanny,Moohan,lmoohan1q@xing.com,Female,175.24.113.187
64,Josiah,Maving,jmaving1r@miibeian.gov.cn,Male,12.29.166.136
65,Vivian,Rowett,vrowett1s@prnewswire.com,Female,222.132.146.19
66,Gerianne,Hoodspeth,ghoodspeth1t@auda.org.au,Female,59.85.173.117
67,Valerye,Few,vfew1u@bloomberg.com,Female,132.233.245.30
68,Kippar,Bantham,kbantham1v@hud.gov,Male,209.191.60.160
69,Andonis,Baythrop,abaythrop1w@dailymail.co.uk,Male,110.152.50.49
70,Welby,Uden,wuden1x@chronoengine.com,Male,6.18.171.180
71,Kalle,Ponceford,kponceford1y@hhs.gov,Male,225.37.211.141
72,Huntlee,Thackwray,hthackwray1z@mail.ru,Genderfluid,252.114.156.220
73,Worthington,Pregal,wpregal20@storify.com,Male,30.66.197.66
74,Phebe,Bergen,pbergen21@nih.gov,Female,169.115.19.39
75,Goddard,Timmons,gtimmons22@addtoany.com,Genderfluid,83.156.44.210
76,Farica,Robb,frobb23@skype.com,Female,251.69.87.22
77,Alisander,Gaskarth,agaskarth24@last.fm,Male,23.82.124.94
78,Todd,Shakesby,tshakesby25@plala.or.jp,Male,157.138.121.65
79,Trev,Girardin,tgirardin26@dmoz.org,Male,2.205.158.114
80,Josie,Essery,jessery27@360.cn,Female,190.73.81.130
81,Shawn,Spearman,sspearman28@webnode.com,Male,14.15.187.21
82,Freddie,Gniewosz,fgniewosz29@mediafire.com,Polygender,191.199.219.86
83,Elisha,Schwandt,eschwandt2a@jiathis.com,Male,9.160.59.250
84,Park,McCaughran,pmccaughran2b@smugmug.com,Male,233.174.82.115
85,Arley,Geistmann,ageistmann2c@soup.io,Male,37.140.102.164
86,Hamilton,Haggar,hhaggar2d@utexas.edu,Genderfluid,174.183.148.148
87,Oliviero,Guerola,oguerola2e@wikispaces.com,Bigender,14.63.200.14
88,Thorn,Fronzek,tfronzek2f@slideshare.net,Male,32.244.238.169
89,Roseanne,Cowup,rcowup2g@craigslist.org,Agender,88.235.59.245
90,Kerr,Bugby,kbugby2h@example.com,Male,213.78.238.195
91,Sela,Koenraad,skoenraad2i@fda.gov,Bigender,113.143.227.238
92,Willem,Danter,wdanter2j@wikispaces.com,Male,49.188.112.248
93,Natal,Jakubovits,njakubovits2k@theatlantic.com,Male,55.24.62.16
94,Yehudit,Levey,ylevey2l@squidoo.com,Male,175.100.129.182
95,Emmy,Tregent,etregent2m@discuz.net,Bigender,82.203.216.133
96,Jocelyn,Eberle,jeberle2n@shop-pro.jp,Female,48.223.222.224
97,Francene,Ianson,fianson2o@unicef.org,Non-binary,188.46.162.248
98,Elinore,Phonix,ephonix2p@ibm.com,Female,82.218.104.235
99,Mathilda,Blackhall,mblackhall2q@npr.org,Female,218.21.1.124
100,Florrie,Pitt,fpitt2r@netlog.com,Female,245.131.241.204
