id	first_name	last_name	email	gender	ip_address
1	Madella	Hauck	mhauck0@mail.ru	Female	99.230.167.75
2	Chan	Rawles	crawles1@skyrock.com	Male	231.142.250.179
3	Chuck	Croutear	ccroutear2@cmu.edu	Male	167.50.226.0
4	Cornela	Whiteside	cwhiteside3@jalbum.net	Female	30.235.218.96
5	Maddie	Boichat	mboichat4@geocities.com	Female	171.157.119.195
6	Marline	Anscombe	manscombe5@networksolutions.com	Female	253.144.75.145
7	Nataline	Loble	nloble6@state.gov	Female	47.27.157.85
8	Dacy	Juris	djuris7@state.tx.us	Female	196.109.154.151
9	Nikolaos	Champerlen	nchamperlen8@netlog.com	Male	20.0.13.163
10	Gail	Kiossel	gkiossel9@furl.net	Male	108.218.125.47
11	Erasmus	Harman	eharmana@goodreads.com	Male	66.144.36.198
12	Cobb	Ketley	cketleyb@columbia.edu	Male	9.214.133.53
13	Rickie	Rowe	rrowec@biglobe.ne.jp	Bigender	247.105.8.250
14	Henry	Moncur	hmoncurd@umn.edu	Male	163.129.166.101
15	Cletis	Styles	cstylese@nbcnews.com	Male	217.232.175.207
16	Lind	Ramme	lrammef@accuweather.com	Female	252.237.229.27
17	Alysa	Snowling	asnowlingg@buzzfeed.com	Female	32.79.101.226
18	Fremont	Gronav	fgronavh@hao123.com	Male	233.14.145.71
19	Devonne	Mochar	dmochari@mediafire.com	Female	163.115.79.222
20	Ronald	Jakubski	rjakubskij@microsoft.com	Male	86.121.87.247
21	Jethro	Purchon	jpurchonk@patch.com	Male	110.227.167.230
22	Maxine	Domoni	mdomonil@wiley.com	Bigender	71.201.16.30
23	Pooh	Burrows	pburrowsm@scientificamerican.com	Male	205.218.148.163
24	Melony	Frances	mfrancesn@webnode.com	Female	127.162.222.73
25	Rebekah	Surphliss	rsurphlisso@jiathis.com	Female	232.221.245.15
26	Jonah	Imesson	jimessonp@ibm.com	Male	41.161.44.31
27	Isobel	Nicholes	inicholesq@gravatar.com	Female	6.82.153.59
28	Lawton	Marfell	lmarfellr@hud.gov	Male	238.34.181.222
29	Cirillo	Dublin	cdublins@mapquest.com	Bigender	27.206.128.209
30	Anatol	Meeson	ameesont@zdnet.com	Male	100.2.121.19
31	Junie	Mowday	jmowdayu@amazon.co.jp	Female	253.46.49.215
32	Quill	Shewan	qshewanv@mozilla.com	Male	48.110.78.132
33	Burlie	Caldicott	bcaldicottw@squidoo.com	Male	253.120.48.240
34	Merv	A'field	mafieldx@mapquest.com	Male	180.220.172.189
35	Lamar	Rentoll	lrentolly@ox.ac.uk	Male	255.32.108.44
36	Marcile	Reynold	mreynoldz@tripadvisor.com	Female	181.15.42.235
37	Lauretta	Ackerman	lackerman10@gizmodo.com	Female	94.177.140.167
38	Rowen	Windows	rwindows11@patch.com	Male	172.109.49.104
39	Kelley	Bubeer	kbubeer12@exblog.jp	Male	227.51.111.206
40	Annabal	Huntley	ahuntley13@prnewswire.com	Female	25.160.203.171
41	Elissa	Watford	ewatford14@admin.ch	Female	60.243.255.15
42	Jacklyn	Johncey	jjohncey15@prlog.org	Female	42.129.83.21
43	Benjie	Bruneton	bbruneton16@cdc.gov	Agender	240.147.109.98
44	Salvatore	Garner	sgarner17@phpbb.com	Male	113.29.164.12
45	Joachim	Linggard	jlinggard18@columbia.edu	Agender	186.37.176.111
46	Cassie	Pitkaithly	cpitkaithly19@woothemes.com	Male	93.98.216.192
47	Silas	Lyster	slyster1a@t-online.de	Male	94.61.2.41
48	Linnea	Tschirasche	ltschirasche1b@ask.com	Female	10.217.214.35
49	Philbert	Shuttlewood	pshuttlewood1c@answers.com	Male	10.165.240.119
50	Morie	Greet	mgreet1d@google.com.hk	Male	125.101.212.33
51	Devlin	Oakly	doakly1e@gizmodo.com	Male	250.201.240.74
52	Fifi	Managh	fmanagh1f@qq.com	Female	220.216.105.227
53	Dorian	Skain	dskain1g@noaa.gov	Female	47.242.234.232
54	Curry	Allot	callot1h@blogtalkradio.com	Male	103.111.179.163
55	Lorene	Belliveau	lbelliveau1i@devhub.com	Female	134.114.50.58
56	Adda	McCloch	amccloch1j@alibaba.com	Female	206.27.246.175
57	Rafaelia	Deekes	rdeekes1k@smh.com.au	Female	234.210.140.214
58	Theressa	Moncreiffe	tmoncreiffe1l@walmart.com	Female	52.165.144.82
59	Ulrich	Deighton	udeighton1m@howstuffworks.com	Male	218.94.130.82
60	Kirbie	Tremblet	ktremblet1n@hostgator.com	Polygender	246.155.35.80
61	Junie	Huish	jhuish1o@cbsnews.com	Female	63.200.209.192
62	Chanda	Ternent	cternent1p@ezinearticles.com	Non-binary	231.22.79.81
63	Ofilia	Stronough	ostronough1q@seesaa.net	Female	87.81.60.76
64	Christoph	Toll	ctoll1r@ucsd.edu	Male	183.186.116.211
65	Dusty	Witt	dwitt1s@marriott.com	Female	153.104.19.202
66	Leopold	Ruos	lruos1t@ask.com	Male	67.235.39.218
67	Abdul	McLaggan	amclaggan1u@google.ru	Male	238.134.17.222
68	Cooper	Costar	ccostar1v@vistaprint.com	Male	55.173.56.133
69	Bobbie	Kubes	bkubes1w@java.com	Female	170.216.252.205
70	Natty	Quincey	nquincey1x@jigsy.com	Polygender	207.239.103.76
71	Allene	Sawley	asawley1y@wix.com	Female	5.44.46.27
72	Artur	Ennew	aennew1z@tiny.cc	Male	113.173.243.203
73	Artemas	Ritchings	aritchings20@plala.or.jp	Male	114.227.145.181
74	Dar	Mallinder	dmallinder21@unesco.org	Male	68.59.109.173
75	Halimeda	Sandison	hsandison22@github.io	Female	12.251.183.191
76	Gerhardine	Himsworth	ghimsworth23@goo.gl	Non-binary	235.80.98.45
77	Yoshiko	Goulding	ygoulding24@gov.uk	Female	26.205.49.178
78	Nonie	McCandless	nmccandless25@shinystat.com	Female	104.161.215.108
79	Cristionna	Greetham	cgreetham26@liveinternet.ru	Female	61.177.93.171
80	Steward	Browell	sbrowell27@paginegialle.it	Male	103.154.221.171
81	Sydney	Blakeley	sblakeley28@google.fr	Genderfluid	43.226.191.178
82	Wilie	Ramsell	wramsell29@ucla.edu	Female	75.41.108.199
83	Jermaine	MacSporran	jmacsporran2a@tmall.com	Male	64.248.169.248
84	Evered	Raleston	eraleston2b@lulu.com	Male	80.101.102.195
85	Caryl	Lant	clant2c@mapy.cz	Female	49.0.187.8
86	Katti	Benoix	kbenoix2d@prweb.com	Female	228.82.31.105
87	Randie	Dare	rdare2e@dion.ne.jp	Male	113.104.113.114
88	Millard	Blyth	mblyth2f@shinystat.com	Male	186.2.145.197
89	Dorotea	Wolffers	dwolffers2g@angelfire.com	Female	148.172.97.14
90	Gustavo	Mosedale	gmosedale2h@dagondesign.com	Male	178.219.52.156
91	Obed	Mariet	omariet2i@ucoz.com	Male	229.221.72.147
92	Susette	Rugg	srugg2j@army.mil	Female	161.35.12.197
93	Haslett	Geraldi	hgeraldi2k@un.org	Male	171.152.8.120
94	Violetta	Innwood	vinnwood2l@prweb.com	Female	121.127.43.10
95	Gabe	Ledner	gledner2m@gnu.org	Male	80.178.197.28
96	Tallia	Crowd	tcrowd2n@photobucket.com	Polygender	255.85.79.254
97	Zolly	Redan	zredan2o@themeforest.net	Male	74.72.199.113
98	Hakim	Folke	hfolke2p@tuttocitta.it	Male	182.109.249.245
99	Gussy	Middas	gmiddas2q@ihg.com	Female	184.104.25.252
100	Flori	Clack	fclack2r@unicef.org	Female	83.107.109.205
